name,sis_id,submitted,attempt,117606621: Problem 1: Sum of All Answers,0,"117606759: Problem 2A: Sketch the Polynomial (This text is visible to student) \n Note: This type of question is a bit wonky w/ multiple submissions. All files must be uploaded on your final submission of the exam, otherwise the proctors won't see them.",0,117606898: Problem 2B: What are the factors of the polynomial?,0,117607010: Problem 3: Masks of a bipartite graph,0,117607036: Problem 4: Independent columns,0,117607116: Problem 5: Constraint Satisfaction,0,n correct,n incorrect,score
"House, Sharon",49232926,2021-07-12 20:01:01 UTC,1,519,0,,0,,0,"C,D,E",0,D,0,"B,D,F,H,I,J,N",0,2,5,0
"Mcfarlane, Tracey",49232948,2021-07-12 19:59:47 UTC,1,593,0,,0,,0,"A,B,C",0,B,0,"A,D,F,G,I,J",0,2,5,0
"Decker, Adem",49234533,2021-07-12 19:58:33 UTC,1,623,0,,0,,0,"A,D,E",0,D,0,"B,C,F,H,I,N",0,2,5,0
"Rios, Christine",49232540,2021-07-12 19:57:17 UTC,1,638,0,,0,(x -1)(x +5)(x + 5)(x + 1),0,"A,B,C",0,D,0,"B,C,F,H,I,J",0,2,5,0
"Meza, Neave",49234574,2021-07-12 19:56:08 UTC,2,,0,,0,,0,,0,D,0,"B,C,F,H,I,J",0,1,6,0
"Meza, Neave",49234574,2021-07-12 19:55:15 UTC,1,4432,0,,0,,0,"A,B,D",0,,0,,0,2,5,0
"Ahmad, Ezmae",49234288,2021-07-12 19:54:27 UTC,1,625,0,,0,x * (x + 3) ^2 * (x - 4),0,"B,C,D,E",0,D,0,"B,D,F,G,I,L,N",0,2,5,0
"Wilkins, Willa",49234720,2021-07-12 19:51:25 UTC,2,508,0,,0,,0,"B,C,E",0,,0,"B,C,E,G,I,J,L,N",0,2,5,0
"Wilkins, Willa",49234720,2021-07-12 19:50:15 UTC,1,112,0,,0,(x -3)(x +1),0,"B,C,E",0,B,0,"A,C,G,M,O",0,2,5,0
"Calderon, Reema",49233588,2021-07-12 19:48:46 UTC,4,,0,,0,(x -3)^2 * x * (x + 3),0,,0,,0,"B,C,E,H,I,N",0,2,5,0
"Calderon, Reema",49233588,2021-07-12 19:47:14 UTC,3,609,0,,0,,0,"A,B",0,D,0,,0,2,5,0
"Calderon, Reema",49233588,2021-07-12 19:46:32 UTC,2,1234,0,,0,123,0,"B,E",0,,0,"N,O",0,3,4,0
"Calderon, Reema",49233588,2021-07-12 19:45:55 UTC,1,112,0,,0,x^2 (x+3),0,"B,D,E",0,,0,"B,C,F",0,3,4,0
